Emp ID,Name Prefix,First Name,Middle Initial,Last Name
677509,Drs.,Lois,H,Walker
940761,Ms.,Brenda,S,Robinson
428945,Dr.,Joe,W,Robinson
408351,Drs.,Diane,I,Evans
193819,Mr.,Benjamin,R,Russell
499687,Mr.,Patrick,F,Bailey
539712,Ms.,Nancy,T,Baker
380086,Mrs.,Carol,V,Murphy
477616,Hon.,Frances,B,Young
162402,Hon.,Diana,T,Peterson
231469,Mr.,Ralph,L,Flores
153989,Prof.,Jack,C,Alexander
386158,Mrs.,Melissa,Q,King
301576,Hon.,Wayne,G,Watson
441771,Mrs.,Cheryl,O,Scott
528509,Hon.,Paula,G,Diaz
912990,Mr.,Joshua,T,Stewart
214352,Ms.,Theresa,G,Lee
890290,Hon.,Julia,S,Scott
622406,Mr.,Thomas,Q,Lewis
979607,Ms.,Carol,J,Edwards
969580,Prof.,Matthew,L,Turner
426038,Hon.,Joan,C,Stewart
388642,Mrs.,Ruby,R,Rogers
560455,Ms.,Carolyn,V,Hayes
477253,Mrs.,Anne,L,Russell
263480,Hon.,Daniel,K,Cooper
683826,Mr.,Roger,L,Roberts
474599,Drs.,Maria,W,Walker
335732,Ms.,Brenda,M,Butler
329752,Hon.,Lillian,X,Brown
893212,Ms.,Amy,B,Howard
621833,Mr.,Gregory,X,Edwards
456747,Mr.,Roy,Z,Griffin
278556,Prof.,Richard,Y,Mitchell
333476,Hon.,Mary,P,Wilson
218791,Mr.,Aaron,N,Price
134841,Ms.,Donna,R,Brown
726264,Hon.,Carl,N,Collins
766610,Ms.,Joyce,E,Jenkins
923947,Ms.,Mary,G,Bryant
227922,Hon.,Amanda,M,Hughes
265813,Hon.,Jack,E,Campbell
247137,Mr.,Alan,E,Rivera
407061,Ms.,Elizabeth,Q,Jackson
226714,Drs.,Nancy,L,Davis
702813,Mr.,Ernest,D,Martinez
524896,Ms.,Judy,Y,Hernandez
363065,Drs.,Nancy,L,Jones
879753,Mrs.,Pamela,X,Wright
958326,Mr.,Larry,T,Miller
447813,Mrs.,Ann,Q,Coleman
525955,Drs.,Judy,C,Gonzales
818384,Mr.,Peter,X,Washington
971640,Prof.,Clarence,A,Ross
253573,Ms.,Sharon,E,Lopez
904898,Drs.,Ann,Q,Cooper
515103,Ms.,Anne,A,Perez
491943,Mrs.,Nancy,P,Howard
750173,Mr.,Antonio,R,Roberts
687017,Ms.,Frances,P,Watson
241882,Ms.,Debra,G,Wood
758872,Mr.,Henry,Y,Jenkins
940922,Hon.,Melissa,X,Butler
917937,Mr.,Todd,H,Hall
917395,Hon.,Christopher,D,Nelson
183071,Drs.,Andrea,P,Garcia
316110,Mr.,Jeremy,I,Sanchez
293459,Mr.,Steven,J,Phillips
732017,Ms.,Cynthia,J,Ramirez
915638,Dr.,Jason,W,Anderson
478003,Hon.,Cynthia,X,White
951225,Ms.,Margaret,N,Brooks
883936,Mr.,Douglas,I,Flores
528673,Hon.,Paul,V,Watson
765850,Mrs.,Linda,R,Moore
262382,Ms.,Cheryl,O,Miller
870820,Ms.,Martha,G,Washington
806955,Mr.,William,G,Hernandez
325319,Hon.,Carolyn,F,Price
623253,Mrs.,Ruby,Q,Stewart
225925,Mr.,Paul,D,Cooper
761821,Mr.,Ernest,G,Washington
400173,Ms.,Dorothy,K,Edwards
802554,Mr.,Ryan,V,Alexander
476433,Ms.,Lillian,N,Mitchell
533952,Ms.,Kelly,R,Adams
623929,Prof.,Jimmy,R,Howard
844177,Ms.,Margaret,T,Allen
212893,Ms.,Janet,Y,Henderson
185032,Mr.,Eugene,D,Perez
867084,Ms.,Deborah,E,Smith
969964,Hon.,Janice,S,Parker
158666,Ms.,Rebecca,A,Stewart
489424,Dr.,Phillip,F,White
639892,Mr.,Jose,K,Hill
704709,Dr.,Harold,Z,Nelson
461593,Ms.,Nicole,O,Ward
392491,Mrs.,Theresa,R,Murphy
495141,Drs.,Tammy,B,Young
